{
  "$schema": "http://json.schemastore.org/template",
  "author": "Aleksei Kharlov aka halex2005 (codeofclimber.ru)",
  "classifications": [ "Test", "NUnit" ],
  "name": "NUnit 3 Test Project",
  "defaultName": "NUnitTestProject",
  "generatorVersions": "[1.0.0.0-*)",
  "description": "A project that contains NUnit tests that can run on .NET Core on Windows, Linux and macOS",
  "groupIdentity": "NUnit3.DotNetNew.Template",
  "identity": "NUnit3.DotNetNew.Template.FSharp",
  "shortName": "nunit",
  "tags": {
    "language": "F#",
    "type": "project"
  },
  "sourceName": "Company.TestProject1",
  "preferNameDirectory": true,
  "symbols": {
    "TargetFrameworkOverride": {
      "type": "parameter",
      "description": "Overrides the target framework",
      "replaces": "TargetFrameworkOverride",
      "datatype": "string",
      "defaultValue": ""
    },
    "Framework": {
      "type": "parameter",
      "description": "The target framework for the project.",
      "datatype": "choice",
      "choices": [
        {
          "choice": "netcoreapp1.0",
          "description": "Target netcoreapp1.0"
        },
        {
          "choice": "netcoreapp1.1",
          "description": "Target netcoreapp1.1"
        },
        {
          "choice": "netcoreapp2.0",
          "description": "Target netcoreapp2.0"
        },
        {
          "choice": "netcoreapp2.1",
          "description": "Target netcoreapp2.1"
        },
        {
          "choice": "netcoreapp2.2",
          "description": "Target netcoreapp2.2"
        },
        {
          "choice": "netcoreapp3.0",
          "description": "Target netcoreapp3.0"
        },
        {
          "choice": "netcoreapp3.1",
          "description": "Target netcoreapp3.1"
        },
        {
          "choice": "net5.0",
          "description": "Target net5.0"
        },
        {
          "choice": "net35",
          "description": "Target net35"
        },
        {
          "choice": "net40",
          "description": "Target net40"
        },
        {
          "choice": "net45",
          "description": "Target net45"
        },
        {
          "choice": "net451",
          "description": "Target net451"
        },
        {
          "choice": "net452",
          "description": "Target net452"
        },
        {
          "choice": "net46",
          "description": "Target net46"
        },
        {
          "choice": "net461",
          "description": "Target net461"
        },
        {
          "choice": "net462",
          "description": "Target net462"
        },
        {
          "choice": "net47",
          "description": "Target net47"
        },
        {
          "choice": "net471",
          "description": "Target net471"
        },
        {
          "choice": "net472",
          "description": "Target net472"
        },
        {
          "choice": "net48",
          "description": "Target net48"
        }
      ],
      "replaces": "netcoreapp2.1",
      "defaultValue": "net5.0"
    },
    "DotNetFramework": {
      "type": "computed",
      "value": "(Framework >= \"net2\" && Framework < \"net5\")"
    },
    "DotNetCoreLessThan20": {
      "type": "computed",
      "value": "(Framework >= \"netcoreapp1\" && Framework < \"netcoreapp2\")"
    },
    "DotNetCoreGreaterOrEqualThan20": {
      "type": "computed",
      "value": "(Framework >= \"netcoreapp2.0\" && Framework <= \"netcoreapp9\")"
    },
    "DotNetCoreLessThan21": {
      "type": "computed",
      "value": "(Framework >= \"netcoreapp1\" && Framework < \"netcoreapp2.1\")"
    },
    "DotNetCoreGreaterOrEqualThan21": {
      "type": "computed",
      "value": "(Framework >= \"netcoreapp2.1\" && Framework <= \"netcoreapp9\")"
    },
    "DotNetCoreGreaterOrEqualThan50": {
      "type": "computed",
      "value": "(Framework >= \"net5.0\" && Framework < \"net9.0\")"
    },
    "EnablePack": {
      "type": "parameter",
      "datatype": "bool",
      "defaultValue": "false",
      "description": "Whether or not to enable packaging (via (\"dotnet pack\") for the project."
    },
    "HostIdentifier": {
      "type": "bind",
      "binding": "HostIdentifier"
    },
    "skipRestore": {
      "type": "parameter",
      "datatype": "bool",
      "description": "If specified, skips the automatic restore of the project on create.",
      "defaultValue": "false"
    }
  },
  "primaryOutputs": [
    { "path": "Company.TestProject1.fsproj" },
    {
      "condition": "(HostIdentifier != \"dotnetcli\" && HostIdentifier != \"dotnetcli-preview\")",
      "path": "UnitTest1.fs"
    }
  ],
  "defaultName": "TestProject1",
  "postActions": [
    {
      "condition": "(!skipRestore)",
      "description": "Restore NuGet packages required by this project.",
      "manualInstructions": [
        { "text": "Run 'dotnet restore'" }
      ],
      "actionId": "210D431B-A78B-4D2F-B762-4ED3E3EA9025",
      "continueOnError": true
    },
    {
      "condition": "(HostIdentifier != \"dotnetcli\" && HostIdentifier != \"dotnetcli-preview\")",
      "description": "Opens UnitTest1.fs in the editor",
      "manualInstructions": [ ],
      "actionId": "84C0DA21-51C8-4541-9940-6CA19AF04EE6",
      "args": {
        "files": "1"
      },
      "continueOnError": true
    }
  ]
}
