{
  "$schema": "http://json.schemastore.org/dotnetcli.host",
  "symbolInfo": {
    "TargetFrameworkOverride": {
      "isHidden": "true",
      "longName": "target-framework-override",
      "shortName": ""
    },
    "Framework": {
      "longName": "framework"
    },
    "EnablePack": {
      "shortName": "p",
      "longName": "enable-pack"
    },
    "skipRestore": {
      "longName": "no-restore",
      "shortName": ""
    }
  },
  "usageExamples": [
    "-f net472",
    "-f netcoreapp2.1",
    "-f net5.0"
  ]
}
